food_name,category,description,brand,food_category,calories,carbohydrates,fiber,sugars,fats,proteins
Broccoli,Diabetic-Friendly Foods,BROCCOLI,GREAT VALUE,Frozen Vegetables,24.0,4.71,3.5,N/A,0.0,2.35
Broccoli,Diabetic-Friendly Foods,BROCCOLI,N/A,Pre-Packaged Fruit & Vegetables,34.0,5.41,2.0,N/A,0.34,2.7
Broccoli,Diabetic-Friendly Foods,BROCCOLI,MAMBO,Frozen Vegetables,29.0,3.53,2.4,N/A,0.0,1.18
Broccoli,Diabetic-Friendly Foods,BROCCOLI,EAT SMART,Pre-Packaged Fruit & Vegetables,29.0,4.71,3.5,N/A,0.0,3.53
Broccoli,Diabetic-Friendly Foods,BROCCOLI,GOOD & GATHER,Frozen Vegetables,24.0,4.71,3.5,N/A,0.0,2.35
Spinach,Diabetic-Friendly Foods,SPINACH,AHOLD,Pre-Packaged Fruit & Vegetables,24.0,3.53,2.4,N/A,0.0,3.53
Spinach,Diabetic-Friendly Foods,SPINACH,ESSENTIAL EVERYDAY,Canned Vegetables,21.0,3.33,1.7,N/A,0.0,1.67
Spinach,Diabetic-Friendly Foods,SPINACH,SIGNATURE SELECT,Pre-Packaged Fruit & Vegetables,29.0,3.53,2.4,N/A,0.0,2.35
Spinach,Diabetic-Friendly Foods,SPINACH,MIRACLE NOODLE,Pasta by Shape & Type,18.0,2.35,0.0,N/A,0.0,1.18
Spinach,Diabetic-Friendly Foods,SPINACH,WINN-DIXIE,Canned Vegetables,17.0,2.61,2.6,N/A,0.0,2.61
Kale,Diabetic-Friendly Foods,KALE,CUT 'N CLEAN,Pre-Packaged Fruit & Vegetables,53.0,9.73,1.8,N/A,0.88,3.54
Kale,Diabetic-Friendly Foods,KALE,GREENWISE,Pre-Packaged Fruit & Vegetables,47.0,8.24,3.5,N/A,1.18,4.71
Kale,Diabetic-Friendly Foods,KALE,N/A,Pre-Packaged Fruit & Vegetables,53.0,9.73,1.8,N/A,0.88,3.54
Kale,Diabetic-Friendly Foods,KALE,O ORGANICS,Pre-Packaged Fruit & Vegetables,47.0,4.71,3.5,N/A,1.76,2.35
Kale,Diabetic-Friendly Foods,"Kale, raw",N/A,Vegetables and Vegetable Products,148,4.42,4.1,N/A,1.49,2.92
Cauliflower,Diabetic-Friendly Foods,CAULIFLOWER,TOPS,Frozen Vegetables,312,50.0,25.0,N/A,0.0,12.5
Cauliflower,Diabetic-Friendly Foods,CAULIFLOWER,AVENUE,Frozen Vegetables,24.0,4.71,2.4,N/A,0.0,2.35
Cauliflower,Diabetic-Friendly Foods,CAULIFLOWER,SIMPLE TRUTH ORGANIC,Frozen Vegetables,24.0,4.71,2.4,N/A,0.0,2.35
Cauliflower,Diabetic-Friendly Foods,CAULIFLOWER,NATURE'S PROMISE,Frozen Vegetables,18.0,3.53,2.4,N/A,0.0,0.0
Cauliflower,Diabetic-Friendly Foods,CAULIFLOWER,ANDY BOY,Pre-Packaged Fruit & Vegetables,24.0,2.35,2.4,N/A,0.59,2.35
Zucchini,Diabetic-Friendly Foods,ZUCCHINI,FRESH FROM THE FARM,Pre-Packaged Fruit & Vegetables,21.0,4.21,1.1,N/A,0.0,1.05
Zucchini,Diabetic-Friendly Foods,"Squash, zucchini, baby, raw",N/A,Vegetables and Vegetable Products,88.0,3.11,1.1,N/A,0.4,2.71
Zucchini,Diabetic-Friendly Foods,"Squash, summer, zucchini, includes skin, raw",N/A,Vegetables and Vegetable Products,17.0,3.11,1.0,N/A,0.32,1.21
Zucchini,Diabetic-Friendly Foods,"Squash, summer, zucchini, italian style, canned",N/A,Vegetables and Vegetable Products,121,6.85,N/A,N/A,0.11,1.03
Zucchini,Diabetic-Friendly Foods,"Squash, summer, green, zucchini, includes skin, raw",N/A,Vegetables and Vegetable Products,N/A,N/A,0.752,N/A,0.205,0.984
Bell peppers,Diabetic-Friendly Foods,BELL PEPPERS,PERO FAMILY FARMS,Pre-Packaged Fruit & Vegetables,18.0,4.71,1.2,N/A,0.0,1.18
Bell peppers,Diabetic-Friendly Foods,"Peppers, bell, green, raw",N/A,Vegetables and Vegetable Products,N/A,4.78,0.942,N/A,0.106,0.715
Bell peppers,Diabetic-Friendly Foods,"Peppers, bell, orange, raw",N/A,Vegetables and Vegetable Products,N/A,6.7,0.967,N/A,0.156,0.882
Bell peppers,Diabetic-Friendly Foods,"Peppers, bell, red, raw",N/A,Vegetables and Vegetable Products,N/A,6.65,1.16,N/A,0.126,0.896
Bell peppers,Diabetic-Friendly Foods,"Peppers, bell, yellow, raw",N/A,Vegetables and Vegetable Products,N/A,6.6,1.07,N/A,0.121,0.819
Cucumber,Diabetic-Friendly Foods,"Cucumber, peeled, raw",N/A,Vegetables and Vegetable Products,44.0,2.16,0.7,N/A,0.16,0.59
Cucumber,Diabetic-Friendly Foods,"Cucumber, with peel, raw",N/A,Vegetables and Vegetable Products,15.0,3.63,0.5,N/A,0.11,0.65
Cucumber,Diabetic-Friendly Foods,"Cucumber, with peel, raw",N/A,Vegetables and Vegetable Products,N/A,2.95,N/A,N/A,0.178,0.625
Cucumber,Diabetic-Friendly Foods,"Pickles, cucumber, sour",N/A,Vegetables and Vegetable Products,11.0,2.26,1.2,N/A,0.2,0.33
Cucumber,Diabetic-Friendly Foods,"Pickles, cucumber, dill or kosher dill",N/A,Vegetables and Vegetable Products,50.0,1.99,1.0,N/A,0.43,0.48
Asparagus,Diabetic-Friendly Foods,ASPARAGUS,WEGMANS,Pre-Packaged Fruit & Vegetables,18.0,3.53,2.4,N/A,0.0,2.35
Asparagus,Diabetic-Friendly Foods,ASPARAGUS,FOOD LION,Pre-Packaged Fruit & Vegetables,22.0,4.3,2.2,N/A,0.0,2.15
Asparagus,Diabetic-Friendly Foods,ASPARAGUS,WELLSLEY FARMS,Pre-Packaged Fruit & Vegetables,18.0,3.53,2.4,N/A,0.0,2.35
Asparagus,Diabetic-Friendly Foods,ASPARAGUS,NATURE BLESSED,Frozen Vegetables,29.0,4.71,2.4,N/A,0.0,1.18
Asparagus,Diabetic-Friendly Foods,ASPARAGUS,PERO FAMILY FARMS,Pre-Packaged Fruit & Vegetables,18.0,3.53,2.4,N/A,0.0,2.35
Green beans,Diabetic-Friendly Foods,GREEN BEANS,FREEDOM'S CHOICE,Canned Vegetables,17.0,3.33,1.7,N/A,0.0,0.83
Green beans,Diabetic-Friendly Foods,GREEN BEANS,WINN-DIXIE,Canned Vegetables,17.0,3.33,1.7,N/A,0.0,0.83
Green beans,Diabetic-Friendly Foods,GREEN BEANS,GIANT EAGLE,Pre-Packaged Fruit & Vegetables,29.0,7.06,2.4,N/A,0.0,2.35
Green beans,Diabetic-Friendly Foods,GREEN BEANS,APPLAUSE,Frozen Vegetables,37.0,8.64,2.5,N/A,0.0,1.23
Green beans,Diabetic-Friendly Foods,GREEN BEANS,GOOD & GATHER,Canned Vegetables,35.0,7.06,2.4,N/A,0.0,2.35
Brussels sprouts,Diabetic-Friendly Foods,BRUSSELS SPROUTS,EAT SMART,Pre-Packaged Fruit & Vegetables,41.0,9.41,3.5,N/A,0.35,3.53
Brussels sprouts,Diabetic-Friendly Foods,BRUSSELS SPROUTS,SOUTHERN HOME,Frozen Vegetables,41.0,8.24,3.5,N/A,0.0,3.53
Brussels sprouts,Diabetic-Friendly Foods,BRUSSELS SPROUTS,PICTSWEET,Frozen Vegetables,53.0,9.41,3.5,N/A,0.0,3.53
Brussels sprouts,Diabetic-Friendly Foods,BRUSSELS SPROUTS,GREEN WAVE FARMS,Pre-Packaged Fruit & Vegetables,47.0,5.88,3.5,N/A,0.59,2.35
Brussels sprouts,Diabetic-Friendly Foods,BRUSSELS SPROUTS,FOOD LION,Frozen Vegetables,53.0,9.41,3.5,N/A,0.0,3.53
Apples,Diabetic-Friendly Foods,APPLES,APPLE COUNTRY,Pre-Packaged Fruit & Vegetables,52.0,14.3,3.2,N/A,0.0,0.0
Apples,Diabetic-Friendly Foods,APPLES,MICHIGAN APPLES,Pre-Packaged Fruit & Vegetables,54.0,14.0,2.1,N/A,0.0,0.41
Apples,Diabetic-Friendly Foods,APPLES,BIG Y,Pre-Packaged Fruit & Vegetables,52.0,14.3,3.2,N/A,0.0,0.0
Apples,Diabetic-Friendly Foods,APPLES,ATLAS,Pre-Packaged Fruit & Vegetables,52.0,14.3,3.2,N/A,0.0,1.95
Apples,Diabetic-Friendly Foods,APPLES,ALL FRESH GPS,Pre-Packaged Fruit & Vegetables,54.0,14.0,2.1,N/A,0.0,0.41
Strawberries,Diabetic-Friendly Foods,STRAWBERRIES,NEW SEASONS,Frozen Fruit & Fruit Juice Concentrates,36.0,9.29,N/A,N/A,0.0,0.71
Strawberries,Diabetic-Friendly Foods,STRAWBERRIES,TAYLOR FARMS,Pre-Packaged Fruit & Vegetables,35.0,7.84,2.0,N/A,0.39,0.78
Strawberries,Diabetic-Friendly Foods,STRAWBERRIES,AHOLD,Frozen Fruit & Fruit Juice Concentrates,36.0,9.29,2.1,N/A,0.0,0.71
Strawberries,Diabetic-Friendly Foods,STRAWBERRIES,PARDES FARMS,Frozen Fruit & Fruit Juice Concentrates,N/A,8.57,0.7,N/A,0.0,1.43
Strawberries,Diabetic-Friendly Foods,STRAWBERRIES,SMART HARVEST,Frozen Fruit & Fruit Juice Concentrates,34.0,N/A,2.1,N/A,0.0,0.69
Blueberries,Diabetic-Friendly Foods,BLUEBERRIES,PARADE,Frozen Fruit & Fruit Juice Concentrates,50.0,12.1,2.9,N/A,0.71,0.0
Blueberries,Diabetic-Friendly Foods,BLUEBERRIES,SHOPRITE,Frozen Fruit & Fruit Juice Concentrates,57.0,12.1,2.9,N/A,0.71,0.71
Blueberries,Diabetic-Friendly Foods,BLUEBERRIES,SPRINGFIELD,Frozen Fruit & Fruit Juice Concentrates,57.0,12.1,2.9,N/A,0.71,0.71
Blueberries,Diabetic-Friendly Foods,BLUEBERRIES,MARKET PANTRY,Frozen Fruit & Fruit Juice Concentrates,50.0,12.1,2.9,N/A,0.71,0.71
Blueberries,Diabetic-Friendly Foods,BLUEBERRIES,DOLE,Frozen Fruit & Fruit Juice Concentrates,57.0,12.1,2.9,N/A,0.71,0.71
Raspberries,Diabetic-Friendly Foods,RASPBERRIES,AHOLD,Frozen Fruit & Fruit Juice Concentrates,50.0,12.1,6.4,N/A,0.71,1.43
Raspberries,Diabetic-Friendly Foods,RASPBERRIES,REMLINGER FARMS,Frozen Fruit & Fruit Juice Concentrates,106,26.1,4.2,N/A,0.0,0.7
Raspberries,Diabetic-Friendly Foods,RASPBERRIES,WEIS,Frozen Fruit & Fruit Juice Concentrates,50.0,12.1,6.4,N/A,0.71,1.43
Raspberries,Diabetic-Friendly Foods,RASPBERRIES,GREAT VALUE,Frozen Fruit & Fruit Juice Concentrates,50.0,10.7,4.3,N/A,0.36,1.43
Raspberries,Diabetic-Friendly Foods,RASPBERRIES,365 WHOLE FOODS MARKET,Frozen Fruit & Fruit Juice Concentrates,N/A,12.1,6.4,N/A,0.71,1.43
Oranges,Diabetic-Friendly Foods,ORANGES,LONE STAR,Pre-Packaged Fruit & Vegetables,45.0,13.6,4.5,N/A,0.0,0.65
Oranges,Diabetic-Friendly Foods,ORANGES,N/A,Pre-Packaged Fruit & Vegetables,49.0,12.3,1.9,N/A,0.15,0.65
Oranges,Diabetic-Friendly Foods,"Marmalade, orange",N/A,Sweets,246,66.3,0.7,N/A,0.0,0.3
Oranges,Diabetic-Friendly Foods,"Sherbet, orange",N/A,Sweets,144,30.4,1.3,N/A,2.0,1.1
Oranges,Diabetic-Friendly Foods,"Babyfood, juice, orange",N/A,Baby Foods,45.0,10.2,0.1,N/A,0.3,0.6
Peaches,Diabetic-Friendly Foods,PEACHES,NUTT,Wholesome Snacks,238,62.5,7.5,N/A,0.0,2.5
Peaches,Diabetic-Friendly Foods,PEACHES,NUTTY & FRUITY,Wholesome Snacks,285,65.0,7.5,N/A,0.0,0.0
Peaches,Diabetic-Friendly Foods,PEACHES,NUTTY & FRUITY,Wholesome Snacks,264,60.7,7.1,N/A,0.0,0.0
Peaches,Diabetic-Friendly Foods,PEACHES,MICHIGAN FARM TO FREEZER,Pre-Packaged Fruit & Vegetables,36.0,9.29,1.4,N/A,0.0,0.0
Peaches,Diabetic-Friendly Foods,PEACHES,BRANDT,Pre-Packaged Fruit & Vegetables,41.0,10.2,1.4,N/A,0.34,0.68
Grapefruit,Diabetic-Friendly Foods,GRAPEFRUIT,WEGMANS ORGANIC,Pre-Packaged Fruit & Vegetables,42.0,10.8,1.5,N/A,0.0,0.77
Grapefruit,Diabetic-Friendly Foods,GRAPEFRUIT,Q SPECTACULAR,Soda,45.0,10.8,N/A,N/A,0.0,0.0
Grapefruit,Diabetic-Friendly Foods,GRAPEFRUIT,FRESH ROBINSON,Pre-Packaged Fruit & Vegetables,39.0,9.74,1.3,N/A,0.0,0.65
Grapefruit,Diabetic-Friendly Foods,GRAPEFRUIT,Q,Soda,45.0,10.8,N/A,N/A,0.0,0.0
Grapefruit,Diabetic-Friendly Foods,"Grapefruit juice, pink, raw",N/A,Fruits and Fruit Juices,163,9.2,N/A,N/A,0.1,0.5
Cherries,Diabetic-Friendly Foods,CHERRIES,DELL'S MARASCHINO CHERRIES,Baking Decorations & Dessert Toppings,83.0,33.3,0.0,N/A,0.0,0.0
Cherries,Diabetic-Friendly Foods,CHERRIES,SNACK WORTHY,Wholesome Snacks,324,78.4,0.0,N/A,0.0,0.0
Cherries,Diabetic-Friendly Foods,CHERRIES,LEHI VALLEY TRADING CO,Wholesome Snacks,325,80.0,5.0,N/A,0.0,2.5
Cherries,Diabetic-Friendly Foods,CHERRIES,MARIANI,Pre-Packaged Fruit & Vegetables,325,82.5,2.5,N/A,0.0,2.5
Cherries,Diabetic-Friendly Foods,"Cherries, sweet, raw",N/A,Fruits and Fruit Juices,263,16.0,2.1,N/A,0.2,1.06
Pears,Diabetic-Friendly Foods,PEARS,ROBINSON FRESH,Pre-Packaged Fruit & Vegetables,60.0,15.7,3.6,N/A,0.0,0.6
Pears,Diabetic-Friendly Foods,PEARS,NUTTY & FRUITY,Wholesome Snacks,288,67.5,15.0,N/A,0.0,2.5
Pears,Diabetic-Friendly Foods,"Pears, raw",N/A,Fruits and Fruit Juices,57.0,15.2,3.1,N/A,0.14,0.36
Pears,Diabetic-Friendly Foods,"Babyfood, juice, pear",N/A,Baby Foods,179,11.9,0.1,N/A,0.0,0.0
Pears,Diabetic-Friendly Foods,"Pears, asian, raw",N/A,Fruits and Fruit Juices,176,10.6,3.6,N/A,0.23,0.5
Plums,Diabetic-Friendly Foods,"Plums, raw",N/A,Fruits and Fruit Juices,46.0,11.4,1.4,N/A,0.28,0.7
Plums,Diabetic-Friendly Foods,"Carissa, (natal-plum), raw",N/A,Fruits and Fruit Juices,259,13.6,N/A,N/A,1.3,0.5
Plums,Diabetic-Friendly Foods,"Java-plum, (jambolan), raw",N/A,Fruits and Fruit Juices,251,15.6,N/A,N/A,0.23,0.72
Plums,Diabetic-Friendly Foods,"Plum, black, with skin, raw",N/A,Fruits and Fruit Juices,N/A,13.5,1.35,N/A,0.282,0.578
Plums,Diabetic-Friendly Foods,"Plums, dried (prunes), uncooked",N/A,Fruits and Fruit Juices,240,63.9,7.1,N/A,0.38,2.18
Kiwi,Diabetic-Friendly Foods,KIWI,MIGHTIES,Pre-Packaged Fruit & Vegetables,61.0,14.9,2.7,N/A,0.68,1.35
Kiwi,Diabetic-Friendly Foods,KIWI,MIGHTIES,Pre-Packaged Fruit & Vegetables,61.0,14.9,2.7,N/A,0.68,1.35
Kiwi,Diabetic-Friendly Foods,KIWI,AHOLD,Pre-Packaged Fruit & Vegetables,N/A,N/A,N/A,N/A,N/A,N/A
Kiwi,Diabetic-Friendly Foods,KIWI,REGAL GOURMET SNACKS,Wholesome Snacks,353,86.7,3.3,N/A,0.0,0.0
Kiwi,Diabetic-Friendly Foods,"Beverages, Kiwi Strawberry Juice Drink",N/A,Beverages,195,12.3,0.0,N/A,0.0,0.0
Quinoa,Diabetic-Friendly Foods,QUINOA,EASY QUINOA,Frozen Dinners & Entrees,107,20.0,2.1,N/A,1.79,2.86
Quinoa,Diabetic-Friendly Foods,QUINOA,N/A,Other Grains & Seeds,360,70.0,6.0,N/A,4.0,10.0
Quinoa,Diabetic-Friendly Foods,QUINOA,EILLIEN'S,Other Grains & Seeds,357,64.3,7.1,N/A,7.14,14.3
Quinoa,Diabetic-Friendly Foods,QUINOA,SUNRISE NATURAL FOODS,Other Grains & Seeds,375,71.4,7.1,N/A,7.14,14.3
Quinoa,Diabetic-Friendly Foods,QUINOA,KROGER,Other Grains & Seeds,333,66.7,9.5,N/A,4.76,14.3
Barley,Diabetic-Friendly Foods,BARLEY,FABI-SAA,Other Grains & Seeds,106,23.9,0.9,N/A,0.0,1.77
Barley,Diabetic-Friendly Foods,BARLEY,MI COSTENITA,Other Grains & Seeds,0.0,0.0,0.0,N/A,0.0,0.0
Barley,Diabetic-Friendly Foods,BARLEY,GOYA,Other Grains & Seeds,354,77.1,14.6,N/A,1.04,10.4
Barley,Diabetic-Friendly Foods,"Barley, hulled",N/A,Cereal Grains and Pasta,1480.0,73.5,17.3,N/A,2.3,12.5
Barley,Diabetic-Friendly Foods,"Flour, barley",N/A,Cereal Grains and Pasta,N/A,77.4,12.8,N/A,2.45,8.72
Brown rice,Diabetic-Friendly Foods,BROWN RICE,N/A,Rice,349,76.7,4.7,N/A,2.33,9.3
Brown rice,Diabetic-Friendly Foods,BROWN RICE,BIG WIN,Rice,378,75.6,6.7,N/A,3.33,8.89
Brown rice,Diabetic-Friendly Foods,BROWN RICE,GOYA,Rice,357,76.2,4.8,N/A,3.57,7.14
Brown rice,Diabetic-Friendly Foods,BROWN RICE,FOOD LION,Rice,360,78.0,4.0,N/A,3.0,8.0
Brown rice,Diabetic-Friendly Foods,BROWN RICE,GIANT EAGLE,Rice,380,78.0,4.0,N/A,3.0,8.0
Oats,Diabetic-Friendly Foods,OATS,ROLLINI' OATS,Cereal,375,67.5,10.0,N/A,6.25,12.5
Oats,Diabetic-Friendly Foods,OATS,CLOVER VALLEY,Cereal,375,67.5,10.0,N/A,6.25,12.5
Oats,Diabetic-Friendly Foods,"Oil, oat",N/A,Fats and Oils,884,0.0,0.0,N/A,100,0.0
Oats,Diabetic-Friendly Foods,"Bagels, oat bran",N/A,Baked Products,1070.0,53.3,3.6,N/A,1.2,10.7
Oats,Diabetic-Friendly Foods,"Bread, oat bran",N/A,Baked Products,987,39.8,4.5,N/A,4.4,10.4
Whole wheat pasta,Diabetic-Friendly Foods,WHOLE WHEAT PASTA,DELALLO,Pasta by Shape & Type,357,76.8,10.7,N/A,2.68,10.7
Whole wheat pasta,Diabetic-Friendly Foods,"Pasta, whole grain, 51% whole wheat, remaining unenriched semolina, cooked",N/A,Cereal Grains and Pasta,665,31.5,4.6,N/A,1.5,5.82
Whole wheat pasta,Diabetic-Friendly Foods,"Pasta, whole grain, 51% whole wheat, remaining unenriched semolina, dry",N/A,Cereal Grains and Pasta,362,73.1,10.1,N/A,2.68,13.5
Whole wheat pasta,Diabetic-Friendly Foods,"Crackers, whole-wheat",N/A,Baked Products,1790.0,69.6,10.3,N/A,14.1,10.6
Whole wheat pasta,Diabetic-Friendly Foods,"Wheat flour, whole-grain, soft wheat",N/A,Cereal Grains and Pasta,1390.0,74.5,13.1,N/A,1.95,9.61
Buckwheat,Diabetic-Friendly Foods,Buckwheat,N/A,Cereal Grains and Pasta,1440.0,71.5,10.0,N/A,3.4,13.2
Buckwheat,Diabetic-Friendly Foods,BUCKWHEAT,LIOR,Cereal,92.0,19.6,2.7,N/A,0.6,2.98
Buckwheat,Diabetic-Friendly Foods,"Flour, buckwheat",N/A,Cereal Grains and Pasta,N/A,75.0,10.4,N/A,2.48,8.88
Buckwheat,Diabetic-Friendly Foods,"Buckwheat, whole grain",N/A,Cereal Grains and Pasta,N/A,71.1,4.05,N/A,3.04,11.1
Buckwheat,Diabetic-Friendly Foods,"Buckwheat flour, whole-groat",N/A,Cereal Grains and Pasta,335,70.6,10.0,N/A,3.1,12.6
Farro,Diabetic-Friendly Foods,FARRO,SIMPLY BALANCED,Other Grains & Seeds,133,29.3,2.7,N/A,0.67,3.33
Farro,Diabetic-Friendly Foods,FARRO,HY-VEE SELECT,Other Grains & Seeds,311,66.7,6.7,N/A,N/A,13.3
Farro,Diabetic-Friendly Foods,FARRO,PEREG,Other Grains & Seeds,374,70.3,6.6,N/A,2.2,15.4
Farro,Diabetic-Friendly Foods,FARRO,RALEY'S,Other Grains & Seeds,143,29.3,2.9,N/A,0.36,5.71
Farro,Diabetic-Friendly Foods,FARRO,WEGMANS,Other Grains & Seeds,356,73.3,6.7,N/A,1.11,13.3
Bulgur,Diabetic-Friendly Foods,BULGUR,MEIJER,Other Grains & Seeds,341,67.0,8.0,N/A,2.27,12.5
Bulgur,Diabetic-Friendly Foods,BULGUR,WILD GARDEN,Other Grains & Seeds,150,32.0,4.0,N/A,1.0,4.0
Bulgur,Diabetic-Friendly Foods,BULGUR,PEREG,Cereal,342,76.0,18.0,N/A,1.3,12.0
Bulgur,Diabetic-Friendly Foods,"Bulgur, cooked",N/A,Cereal Grains and Pasta,347,18.6,4.5,N/A,0.24,3.08
Bulgur,Diabetic-Friendly Foods,"Bulgur, dry",N/A,Cereal Grains and Pasta,1430.0,75.9,12.5,N/A,1.33,12.3
Chicken breast,Diabetic-Friendly Foods,CHICKEN BREAST,GIANT EAGLE,"Poultry, Chicken & Turkey",165,1.06,0.0,N/A,8.1,20.4
Chicken breast,Diabetic-Friendly Foods,CHICKEN BREAST,TYSON,"Pepperoni, Salami & Cold Cuts",143,3.57,0.0,N/A,8.93,14.3
Chicken breast,Diabetic-Friendly Foods,CHICKEN BREAST,JENNIE-O,Cooked & Prepared,107,1.79,0.0,N/A,1.79,19.6
Chicken breast,Diabetic-Friendly Foods,CHICKEN BREAST,BUTTERFIELD FARMS,Canned Meat,107,0.0,0.0,N/A,1.79,21.4
Chicken breast,Diabetic-Friendly Foods,CHICKEN BREAST,H-E-B,Other Deli,96.0,5.71,1.3,N/A,4.16,11.4
Turkey breast,Diabetic-Friendly Foods,TURKEY BREAST,DIESTEL,"Pepperoni, Salami & Cold Cuts",123,0.0,N/A,N/A,0.88,28.1
Turkey breast,Diabetic-Friendly Foods,TURKEY BREAST,N/A,"Pepperoni, Salami & Cold Cuts",89.0,0.0,N/A,N/A,0.09,19.6
Turkey breast,Diabetic-Friendly Foods,TURKEY BREAST,HORMEL,"Pepperoni, Salami & Cold Cuts",107,1.79,0.0,N/A,1.79,21.4
Turkey breast,Diabetic-Friendly Foods,TURKEY BREAST,CASA CARDENAS,"Pepperoni, Salami & Cold Cuts",89.0,3.57,0.0,N/A,1.79,16.1
Turkey breast,Diabetic-Friendly Foods,TURKEY BREAST,JENNIE-O,"Pepperoni, Salami & Cold Cuts",89.0,3.57,0.0,N/A,1.79,14.3
Salmon,Diabetic-Friendly Foods,SALMON,N/A,Fish & Seafood,232,0.0,0.0,N/A,15.5,19.0
Salmon,Diabetic-Friendly Foods,SALMON,SEA CUISINE,Frozen Fish & Seafood,139,2.65,0.7,N/A,7.95,15.2
Salmon,Diabetic-Friendly Foods,SALMON,BLUE CIRCLE,Frozen Fish & Seafood,207,0.0,0.0,N/A,13.2,20.7
Salmon,Diabetic-Friendly Foods,SALMON,SANTA MONICA SEAFOOD,Fish & Seafood,209,1.82,0.0,N/A,11.8,21.8
Salmon,Diabetic-Friendly Foods,"Fish oil, salmon",N/A,Fats and Oils,3770.0,0.0,0.0,N/A,100,0.0
Cod,Diabetic-Friendly Foods,COD,MOREY'S,Frozen Fish & Seafood,100,5.29,0.6,N/A,2.94,12.4
Cod,Diabetic-Friendly Foods,COD,BLUE CIRCLE,Fish & Seafood,80.0,0.0,0.0,N/A,0.94,17.8
Cod,Diabetic-Friendly Foods,"Fish oil, cod liver",N/A,Fats and Oils,3770.0,0.0,0.0,N/A,100,0.0
Cod,Diabetic-Friendly Foods,"Fish, cod, Atlantic, raw",N/A,Finfish and Shellfish Products,82.0,0.0,0.0,N/A,0.67,17.8
Cod,Diabetic-Friendly Foods,"Fish, cod, Pacific, cooked",N/A,Finfish and Shellfish Products,351,0.0,N/A,N/A,0.25,20.4
Tofu,Diabetic-Friendly Foods,TOFU,ALOHA TOFU,Other Meats,N/A,N/A,N/A,N/A,N/A,N/A
Tofu,Diabetic-Friendly Foods,TOFU,HOUSE FOODS,Other Meats,94.0,2.35,2.4,N/A,5.29,9.41
Tofu,Diabetic-Friendly Foods,TOFU,HOUSE FOODS,Other Meats,94.0,1.18,0.0,N/A,5.88,9.41
Tofu,Diabetic-Friendly Foods,TOFU,AZUMAYA,Other Meats,82.0,2.35,1.2,N/A,4.12,8.24
Tofu,Diabetic-Friendly Foods,TOFU,AZUMAYA,Other Meats,49.0,1.1,0.0,N/A,2.2,4.4
Tempeh,Diabetic-Friendly Foods,Tempeh,N/A,Legumes and Legume Products,803,7.64,N/A,N/A,10.8,20.3
Tempeh,Diabetic-Friendly Foods,"Tempeh, cooked",N/A,Legumes and Legume Products,817,7.62,N/A,N/A,11.4,19.9
Tempeh,Diabetic-Friendly Foods,ORIGINAL TEMPEH,LIGHTLIFE,Pasta Dinners,190,14.3,7.1,N/A,5.36,21.4
Tempeh,Diabetic-Friendly Foods,"ORGANIC TEMPEH RANCHERO SQUARITO BURRITO, TEMPEH RANCHERO",ENGINE 2,Prepared Wraps and Burittos,135,23.5,4.7,N/A,2.94,7.06
Tempeh,Diabetic-Friendly Foods,"FLAX TEMPEH, FLAX",LIGHTLIFE,Other Meats,214,9.52,7.1,N/A,9.52,21.4
Eggs,Diabetic-Friendly Foods,EGGS,N/A,Eggs & Egg Substitutes,140,0.0,0.0,N/A,10.0,12.0
Eggs,Diabetic-Friendly Foods,EGGS,N/A,Eggs & Egg Substitutes,136,0.0,N/A,N/A,9.09,13.6
Eggs,Diabetic-Friendly Foods,EGGS,OAKDELL EGG,Eggs & Egg Substitutes,143,0.0,N/A,N/A,9.52,12.7
Eggs,Diabetic-Friendly Foods,EGGS,KIRKLAND,Eggs & Egg Substitutes,143,0.0,N/A,N/A,8.93,12.5
Eggs,Diabetic-Friendly Foods,EGGS,RALEY'S,Eggs & Egg Substitutes,140,0.0,N/A,N/A,10.0,12.0
Greek yogurt,Diabetic-Friendly Foods,GREEK YOGURT,OCEAN SPRAY,"Popcorn, Peanuts, Seeds & Related Snacks",467,70.0,3.3,N/A,20.0,3.33
Greek yogurt,Diabetic-Friendly Foods,GREEK YOGURT,N/A,Yogurt,132,12.3,0.0,N/A,7.05,4.85
Greek yogurt,Diabetic-Friendly Foods,GREEK YOGURT,CHOBANI,Yogurt,80.0,10.7,0.0,N/A,0.0,8.67
Greek yogurt,Diabetic-Friendly Foods,GREEK YOGURT,OLYMPIANA,Yogurt,65.0,4.12,0.0,N/A,0.0,11.8
Greek yogurt,Diabetic-Friendly Foods,GREEK YOGURT,CHOBANI,Yogurt,93.0,12.0,0.7,N/A,2.0,7.33
Cottage cheese,Diabetic-Friendly Foods,COTTAGE CHEESE,DARIGOLD,Cheese,80.0,4.42,0.0,N/A,2.21,11.5
Cottage cheese,Diabetic-Friendly Foods,COTTAGE CHEESE,KROGER,Cheese,97.0,4.42,0.0,N/A,4.42,10.6
Cottage cheese,Diabetic-Friendly Foods,COTTAGE CHEESE,NORDICA,Cheese,106,3.54,0.0,N/A,4.42,11.5
Cottage cheese,Diabetic-Friendly Foods,COTTAGE CHEESE,KRAFT,Cheese,68.0,6.84,0.0,N/A,0.0,8.55
Cottage cheese,Diabetic-Friendly Foods,COTTAGE CHEESE,CLOVER SONOMA,Cheese,106,2.65,0.0,N/A,4.42,12.4
Lentils,Diabetic-Friendly Foods,LENTILS,STATER BROS.,Vegetable and Lentil Mixes,286,65.7,20.0,N/A,1.43,22.9
Lentils,Diabetic-Friendly Foods,LENTILS,HANNAFORD,Vegetable and Lentil Mixes,292,62.5,20.8,N/A,2.08,22.9
Lentils,Diabetic-Friendly Foods,LENTILS,ARUJ,Vegetable and Lentil Mixes,175,47.5,22.5,N/A,0.0,N/A
Lentils,Diabetic-Friendly Foods,LENTILS,GIANT EAGLE,Vegetable and Lentil Mixes,343,62.9,11.4,N/A,0.0,25.7
Lentils,Diabetic-Friendly Foods,LENTILS,HARRIS TEETER,Canned Vegetables,69.0,12.3,2.3,N/A,0.0,4.62
Chickpeas,Diabetic-Friendly Foods,CHICKPEAS,LOWES FOODS,Canned & Bottled Beans,128,20.8,4.0,N/A,1.6,8.0
Chickpeas,Diabetic-Friendly Foods,CHICKPEAS,HADDAR,Canned & Bottled Beans,77.0,14.6,3.1,N/A,0.77,3.85
Chickpeas,Diabetic-Friendly Foods,CHICKPEAS,LOWES,Canned & Bottled Beans,85.0,N/A,5.4,N/A,0.77,5.38
Chickpeas,Diabetic-Friendly Foods,CHICKPEAS,13 FOODS,Frozen Vegetables,175,27.5,13.8,N/A,2.5,8.75
Chickpeas,Diabetic-Friendly Foods,CHICKPEAS,PUBLIX,"Chips, Pretzels & Snacks",92.0,15.4,3.1,N/A,1.54,4.62
Black beans,Diabetic-Friendly Foods,BLACK BEANS,AHOLD,Canned & Bottled Beans,92.0,16.9,4.6,N/A,0.0,6.15
Black beans,Diabetic-Friendly Foods,BLACK BEANS,BROOKSHIRE'S,Vegetable and Lentil Mixes,184,60.5,39.5,N/A,0.0,23.7
Black beans,Diabetic-Friendly Foods,BLACK BEANS,MARGARET HOLMES,Canned & Bottled Beans,69.0,13.1,4.6,N/A,0.0,4.62
Black beans,Diabetic-Friendly Foods,BLACK BEANS,SUNVISTA,Canned & Bottled Beans,85.0,15.4,6.9,N/A,0.0,5.38
Black beans,Diabetic-Friendly Foods,BLACK BEANS,SUN OF ITALY,Canned & Bottled Beans,92.0,16.2,4.6,N/A,0.0,6.15
Kidney beans,Diabetic-Friendly Foods,KIDNEY BEANS,JACK'S QUALITY,Canned & Bottled Beans,100,12.3,6.2,N/A,0.38,7.69
Kidney beans,Diabetic-Friendly Foods,KIDNEY BEANS,N/A,Canned & Bottled Beans,77.0,14.6,6.2,N/A,0.0,5.38
Kidney beans,Diabetic-Friendly Foods,KIDNEY BEANS,S&W,Canned & Bottled Beans,85.0,16.9,6.2,N/A,0.0,5.38
Kidney beans,Diabetic-Friendly Foods,KIDNEY BEANS,S&W,Canned & Bottled Beans,85.0,16.2,6.2,N/A,0.0,5.38
Kidney beans,Diabetic-Friendly Foods,KIDNEY BEANS,HANOVER,Canned & Bottled Beans,85.0,15.4,4.6,N/A,0.0,6.15
Pinto beans,Diabetic-Friendly Foods,PINTO BEANS,KROGER,Canned & Bottled Beans,77.0,N/A,6.2,N/A,0.0,N/A
Pinto beans,Diabetic-Friendly Foods,PINTO BEANS,IGA,Canned & Bottled Beans,92.0,16.2,3.8,N/A,0.77,4.62
Pinto beans,Diabetic-Friendly Foods,PINTO BEANS,LA CENA,Canned & Bottled Beans,85.0,15.4,3.8,N/A,0.0,4.62
Pinto beans,Diabetic-Friendly Foods,PINTO BEANS,ALWAYS SAVE,Canned & Bottled Beans,85.0,15.4,3.8,N/A,0.0,5.38
Pinto beans,Diabetic-Friendly Foods,PINTO BEANS,KROGER,Vegetable and Lentil Mixes,257,57.1,14.3,N/A,0.0,20.0
Edamame,Diabetic-Friendly Foods,EDAMAME,GREAT VALUE,Frozen Vegetables,106,7.06,4.7,N/A,4.71,11.8
Edamame,Diabetic-Friendly Foods,EDAMAME,WEGMANS,Frozen Vegetables,106,8.24,4.7,N/A,4.71,10.6
Edamame,Diabetic-Friendly Foods,EDAMAME,GIANT EAGLE,Frozen Vegetables,106,8.24,4.7,N/A,4.71,10.6
Edamame,Diabetic-Friendly Foods,EDAMAME,RALEY'S,Frozen Vegetables,129,14.1,5.9,N/A,4.12,9.41
Edamame,Diabetic-Friendly Foods,EDAMAME,MAI,Other Deli,150,13.7,3.5,N/A,4.85,10.6
Almonds,Diabetic-Friendly Foods,ALMONDS,HARVEST FRESH,"Popcorn, Peanuts, Seeds & Related Snacks",633,13.3,10.0,N/A,56.7,23.3
Almonds,Diabetic-Friendly Foods,ALMONDS,TREASURED HARVEST,"Popcorn, Peanuts, Seeds & Related Snacks",603,20.0,13.3,N/A,50.0,20.0
Almonds,Diabetic-Friendly Foods,ALMONDS,EILLIEN'S,"Popcorn, Peanuts, Seeds & Related Snacks",583,16.7,11.1,N/A,52.8,19.4
Almonds,Diabetic-Friendly Foods,ALMONDS,O ORGANICS,"Popcorn, Peanuts, Seeds & Related Snacks",567,20.0,13.3,N/A,50.0,20.0
Almonds,Diabetic-Friendly Foods,ALMONDS,MEIJER,"Popcorn, Peanuts, Seeds & Related Snacks",588,20.6,11.8,N/A,50.0,20.6
Walnuts,Diabetic-Friendly Foods,WALNUTS,PUBLIX,"Popcorn, Peanuts, Seeds & Related Snacks",643,14.3,7.1,N/A,64.3,14.3
Walnuts,Diabetic-Friendly Foods,WALNUTS,AVA'S,"Popcorn, Peanuts, Seeds & Related Snacks",667,13.3,6.7,N/A,66.7,16.7
Walnuts,Diabetic-Friendly Foods,WALNUTS,AHOLD,"Popcorn, Peanuts, Seeds & Related Snacks",643,17.9,3.6,N/A,60.7,14.3
Walnuts,Diabetic-Friendly Foods,WALNUTS,HOODY'S,"Popcorn, Peanuts, Seeds & Related Snacks",656,12.5,6.2,N/A,65.6,15.6
Walnuts,Diabetic-Friendly Foods,WALNUTS,KIRKLAND SIGNATURE,"Popcorn, Peanuts, Seeds & Related Snacks",679,14.3,7.1,N/A,64.3,14.3
Chia seeds,Diabetic-Friendly Foods,CHIA SEEDS,HARRIS TEETER,Other Grains & Seeds,500,42.9,35.7,N/A,32.1,17.9
Chia seeds,Diabetic-Friendly Foods,CHIA SEEDS,PF SNACKS,Other Grains & Seeds,476,42.9,33.3,N/A,31.0,16.7
Chia seeds,Diabetic-Friendly Foods,CHIA SEEDS,NATURE'S PROMISE,Other Grains & Seeds,500,44.4,38.9,N/A,30.6,16.7
Chia seeds,Diabetic-Friendly Foods,CHIA SEEDS,HOUSE DELIGHTS,Other Grains & Seeds,489,50.0,39.3,N/A,32.1,14.3
Chia seeds,Diabetic-Friendly Foods,CHIA SEEDS,O ORGANICS,Other Grains & Seeds,500,43.3,33.3,N/A,30.0,16.7
Flax seeds,Diabetic-Friendly Foods,FLAX SEEDS,,Other Grains & Seeds,500,35.0,27.5,N/A,35.0,20.0
Flax seeds,Diabetic-Friendly Foods,FLAX SEEDS,FAIRWAY,Other Grains & Seeds,536,28.6,28.6,N/A,42.9,17.9
Flax seeds,Diabetic-Friendly Foods,FLAX SEEDS,GIANT EAGLE,Other Grains & Seeds,548,29.0,25.8,N/A,41.9,19.4
Flax seeds,Diabetic-Friendly Foods,FLAX SEEDS,JEWEL-OSCO,Other Grains & Seeds,500,26.7,26.7,N/A,40.0,16.7
Flax seeds,Diabetic-Friendly Foods,FLAX SEEDS,,Other Grains & Seeds,354,28.6,28.6,N/A,42.9,N/A
Pumpkin seeds,Diabetic-Friendly Foods,PUMPKIN SEEDS,VALUED NATURALS,"Popcorn, Peanuts, Seeds & Related Snacks",600,13.3,3.3,N/A,46.7,23.3
Pumpkin seeds,Diabetic-Friendly Foods,PUMPKIN SEEDS,O ORGANICS,"Popcorn, Peanuts, Seeds & Related Snacks",567,13.3,6.7,N/A,46.7,33.3
Pumpkin seeds,Diabetic-Friendly Foods,PUMPKIN SEEDS,MARKET DISTRICT,"Popcorn, Peanuts, Seeds & Related Snacks",567,13.3,10.0,N/A,50.0,30.0
Pumpkin seeds,Diabetic-Friendly Foods,PUMPKIN SEEDS,SUPERIOR NUT & CANDY,"Popcorn, Peanuts, Seeds & Related Snacks",321,39.3,39.3,N/A,25.0,21.4
Pumpkin seeds,Diabetic-Friendly Foods,PUMPKIN SEEDS,AWESOMELY AUTUMN,"Popcorn, Peanuts, Seeds & Related Snacks",633,10.0,3.3,N/A,53.3,33.3
Sunflower seeds,Diabetic-Friendly Foods,SUNFLOWER SEEDS,WILD DUTCHMAN,"Popcorn, Peanuts, Seeds & Related Snacks",283,10.0,5.0,N/A,25.0,11.7
Sunflower seeds,Diabetic-Friendly Foods,SUNFLOWER SEEDS,WILD DUTCHMAN,"Popcorn, Peanuts, Seeds & Related Snacks",283,10.0,5.0,N/A,25.0,11.7
Sunflower seeds,Diabetic-Friendly Foods,SUNFLOWER SEEDS,WINN-DIXIE,"Popcorn, Peanuts, Seeds & Related Snacks",567,23.3,10.0,N/A,50.0,20.0
Sunflower seeds,Diabetic-Friendly Foods,SUNFLOWER SEEDS,WILD DUTCHMAN,"Popcorn, Peanuts, Seeds & Related Snacks",467,23.3,10.0,N/A,33.3,23.3
Sunflower seeds,Diabetic-Friendly Foods,SUNFLOWER SEEDS,NATURAL CRAVINGS,"Popcorn, Peanuts, Seeds & Related Snacks",607,21.4,10.7,N/A,53.6,21.4
Unsweetened almond milk,Diabetic-Friendly Foods,"Almond milk, unsweetened, plain, refrigerated",N/A,Beverages,N/A,0.671,0.0,N/A,1.56,0.656
Unsweetened almond milk,Diabetic-Friendly Foods,"Almond milk, unsweetened, plain, shelf stable",N/A,Beverages,N/A,0.337,0.0,N/A,1.22,0.555
Unsweetened almond milk,Diabetic-Friendly Foods,"Beverages, almond milk, unsweetened, shelf stable",N/A,Beverages,65.0,1.31,0.2,N/A,0.96,0.4
Unsweetened almond milk,Diabetic-Friendly Foods,"Beverages, rice milk, unsweetened",N/A,Beverages,195,9.17,0.3,N/A,0.97,0.28
Unsweetened almond milk,Diabetic-Friendly Foods,"Oat milk, unsweetened, plain, refrigerated",N/A,Beverages,N/A,5.1,0.0,N/A,2.75,0.797
Unsweetened soy milk,Diabetic-Friendly Foods,"Soy milk, unsweetened, plain, shelf stable",N/A,Legumes and Legume Products,N/A,1.29,0.0,N/A,2.12,3.55
Unsweetened soy milk,Diabetic-Friendly Foods,"Milk, imitation, non-soy",N/A,Dairy and Egg Products,191,5.3,0.0,N/A,2.0,1.6
Unsweetened soy milk,Diabetic-Friendly Foods,"Beverages, rice milk, unsweetened",N/A,Beverages,195,9.17,0.3,N/A,0.97,0.28
Unsweetened soy milk,Diabetic-Friendly Foods,"Soy milk, sweetened, plain, refrigerated",N/A,Legumes and Legume Products,N/A,3.0,0.0,N/A,1.96,2.78
Unsweetened soy milk,Diabetic-Friendly Foods,"Almond milk, unsweetened, plain, refrigerated",N/A,Beverages,N/A,0.671,0.0,N/A,1.56,0.656
Greek yogurt,Diabetic-Friendly Foods,GREEK YOGURT,OCEAN SPRAY,"Popcorn, Peanuts, Seeds & Related Snacks",467,70.0,3.3,N/A,20.0,3.33
Greek yogurt,Diabetic-Friendly Foods,GREEK YOGURT,N/A,Yogurt,132,12.3,0.0,N/A,7.05,4.85
Greek yogurt,Diabetic-Friendly Foods,GREEK YOGURT,CHOBANI,Yogurt,80.0,10.7,0.0,N/A,0.0,8.67
Greek yogurt,Diabetic-Friendly Foods,GREEK YOGURT,OLYMPIANA,Yogurt,65.0,4.12,0.0,N/A,0.0,11.8
Greek yogurt,Diabetic-Friendly Foods,GREEK YOGURT,CHOBANI,Yogurt,93.0,12.0,0.7,N/A,2.0,7.33
Cottage cheese,Diabetic-Friendly Foods,COTTAGE CHEESE,DARIGOLD,Cheese,80.0,4.42,0.0,N/A,2.21,11.5
Cottage cheese,Diabetic-Friendly Foods,COTTAGE CHEESE,KROGER,Cheese,97.0,4.42,0.0,N/A,4.42,10.6
Cottage cheese,Diabetic-Friendly Foods,COTTAGE CHEESE,NORDICA,Cheese,106,3.54,0.0,N/A,4.42,11.5
Cottage cheese,Diabetic-Friendly Foods,COTTAGE CHEESE,KRAFT,Cheese,68.0,6.84,0.0,N/A,0.0,8.55
Cottage cheese,Diabetic-Friendly Foods,COTTAGE CHEESE,CLOVER SONOMA,Cheese,106,2.65,0.0,N/A,4.42,12.4
Mozzarella cheese,Diabetic-Friendly Foods,MOZZARELLA CHEESE,LAURA LYNN,Cheese,321,3.57,0.0,N/A,21.4,25.0
Mozzarella cheese,Diabetic-Friendly Foods,MOZZARELLA CHEESE,KROGER,Cheese,286,3.57,0.0,N/A,17.9,28.6
Mozzarella cheese,Diabetic-Friendly Foods,MOZZARELLA CHEESE,N/A,Cheese,267,3.33,0.0,N/A,20.0,20.0
Mozzarella cheese,Diabetic-Friendly Foods,MOZZARELLA CHEESE,HAPPY FARMS,Cheese,286,3.57,0.0,N/A,21.4,21.4
Mozzarella cheese,Diabetic-Friendly Foods,MOZZARELLA CHEESE,SCHNUCKS,Cheese,304,4.35,0.0,N/A,19.6,26.1
Ricotta cheese,Diabetic-Friendly Foods,RICOTTA CHEESE,B-L,Cheese,145,4.84,0.0,N/A,9.68,11.3
Ricotta cheese,Diabetic-Friendly Foods,RICOTTA CHEESE,HANNAFORD,Cheese,73.0,8.06,0.0,N/A,0.0,9.68
Ricotta cheese,Diabetic-Friendly Foods,RICOTTA CHEESE,ESSENTIAL EVERYDAY,Cheese,65.0,4.84,0.0,N/A,1.05,9.68
Ricotta cheese,Diabetic-Friendly Foods,RICOTTA CHEESE,MANCUSO CHEESE CO.,Cheese,250,7.14,0.0,N/A,12.5,25.0
Ricotta cheese,Diabetic-Friendly Foods,RICOTTA CHEESE,GALBANI,Cheese,73.0,6.45,1.6,N/A,0.0,9.68
Olive oil,Diabetic-Friendly Foods,OLIVE OIL,GOYA,Vegetable & Cooking Oils,800,0.0,N/A,N/A,93.3,0.0
Olive oil,Diabetic-Friendly Foods,OLIVE OIL,KROGER,Salad Dressing & Mayonnaise,429,7.14,0.0,N/A,42.9,0.0
Olive oil,Diabetic-Friendly Foods,OLIVE OIL,NUTRIOLI',Vegetable & Cooking Oils,867,0.0,N/A,N/A,93.3,0.0
Olive oil,Diabetic-Friendly Foods,OLIVE OIL,AHOLD,Vegetable & Cooking Oils,800,0.0,N/A,N/A,93.3,0.0
Olive oil,Diabetic-Friendly Foods,OLIVE OIL,OLIVARI,Vegetable & Cooking Oils,800,0.0,N/A,N/A,93.3,0.0
Avocado oil,Diabetic-Friendly Foods,AVOCADO OIL,PUBLIX,Vegetable & Cooking Oils,800,0.0,N/A,N/A,93.3,0.0
Avocado oil,Diabetic-Friendly Foods,AVOCADO OIL,PRIVATE SELECTION,Vegetable & Cooking Oils,800,0.0,N/A,N/A,93.3,0.0
Avocado oil,Diabetic-Friendly Foods,AVOCADO OIL,SPECTRUM CULINARY,Vegetable & Cooking Oils,800,0.0,N/A,N/A,93.3,0.0
Avocado oil,Diabetic-Friendly Foods,AVOCADO OIL,MARCONI,Vegetable & Cooking Oils,800,0.0,N/A,N/A,93.3,0.0
Avocado oil,Diabetic-Friendly Foods,AVOCADO OIL,NAPOLEON,Vegetable & Cooking Oils,867,0.0,N/A,N/A,93.3,0.0
Coconut oil,Diabetic-Friendly Foods,COCONUT OIL,HARVEST FARMS,Vegetable & Cooking Oils,929,0.0,0.0,N/A,100,0.0
Coconut oil,Diabetic-Friendly Foods,COCONUT OIL,PUBLIX,Vegetable & Cooking Oils,857,0.0,0.0,N/A,100,0.0
Coconut oil,Diabetic-Friendly Foods,COCONUT OIL,N/A,Vegetable & Cooking Oils,867,0.0,N/A,N/A,100,0.0
Coconut oil,Diabetic-Friendly Foods,COCONUT OIL,N/A,Vegetable & Cooking Oils,867,0.0,0.0,N/A,93.3,0.0
Coconut oil,Diabetic-Friendly Foods,COCONUT OIL,HARRIS TEETER,Vegetable & Cooking Oils,857,0.0,N/A,N/A,100,0.0
Popcorn,Diabetic-Friendly Foods,POPCORN,RALEY'S,"Popcorn, Peanuts, Seeds & Related Snacks",373,72.6,11.8,N/A,3.92,11.8
Popcorn,Diabetic-Friendly Foods,POPCORN,SMART & SIMPLE,"Popcorn, Peanuts, Seeds & Related Snacks",316,73.7,13.2,N/A,2.63,10.5
Popcorn,Diabetic-Friendly Foods,POPCORN,HARD BARGAIN,"Popcorn, Peanuts, Seeds & Related Snacks",314,68.6,8.6,N/A,4.29,11.4
Popcorn,Diabetic-Friendly Foods,POPCORN,GIFTPOP,"Popcorn, Peanuts, Seeds & Related Snacks",333,80.0,3.3,N/A,1.67,3.33
Popcorn,Diabetic-Friendly Foods,POPCORN,FARMER JON'S,"Popcorn, Peanuts, Seeds & Related Snacks",409,45.4,9.1,N/A,18.2,9.09
Hummus,Diabetic-Friendly Foods,HUMMUS,HAFLA,Dips & Salsa,321,21.4,7.1,N/A,28.6,7.14
Hummus,Diabetic-Friendly Foods,HUMMUS,PITA'Z,Dips & Salsa,250,25.0,7.1,N/A,12.5,10.7
Hummus,Diabetic-Friendly Foods,HUMMUS,YEHUDA,Dips & Salsa,200,10.0,3.3,N/A,16.7,6.67
Hummus,Diabetic-Friendly Foods,HUMMUS,CHICKPEA CHICKS,Dips & Salsa,214,17.9,3.6,N/A,14.3,7.14
Hummus,Diabetic-Friendly Foods,HUMMUS,GREEN GIANT,Dips & Salsa,192,11.5,3.8,N/A,13.5,3.85
Hard-boiled eggs,Diabetic-Friendly Foods,HARD-BOILED EGGS,ARCHER FARMS,Eggs & Egg Substitutes,159,1.14,0.0,N/A,10.2,12.5
Hard-boiled eggs,Diabetic-Friendly Foods,HARD-BOILED EGGS,ALMARK FOODS,Eggs & Egg Substitutes,136,0.0,N/A,N/A,9.09,13.6
Hard-boiled eggs,Diabetic-Friendly Foods,HARD-BOILED EGGS,ALMARK FOODS,Eggs & Egg Substitutes,136,0.0,N/A,N/A,9.09,13.6
Hard-boiled eggs,Diabetic-Friendly Foods,HARD-BOILED EGGS,KRAMER FARMS,Eggs & Egg Substitutes,159,0.0,0.0,N/A,10.2,13.6
Hard-boiled eggs,Diabetic-Friendly Foods,HARD-BOILED EGGS,ALMARK FOODS,Eggs & Egg Substitutes,136,0.0,N/A,N/A,9.09,13.6
Mixed nuts,Diabetic-Friendly Foods,MIXED NUTS,DIAMOND OF CALIFORNIA,"Popcorn, Peanuts, Seeds & Related Snacks",633,16.7,10.0,N/A,60.0,16.7
Mixed nuts,Diabetic-Friendly Foods,MIXED NUTS,WINN-DIXIE,"Popcorn, Peanuts, Seeds & Related Snacks",600,20.0,10.0,N/A,53.3,23.3
Mixed nuts,Diabetic-Friendly Foods,MIXED NUTS,HOODY'S,"Popcorn, Peanuts, Seeds & Related Snacks",643,17.9,7.1,N/A,53.6,21.4
Mixed nuts,Diabetic-Friendly Foods,MIXED NUTS,GOODFIELDS,"Popcorn, Peanuts, Seeds & Related Snacks",588,20.6,8.8,N/A,52.9,20.6
Mixed nuts,Diabetic-Friendly Foods,MIXED NUTS,RIVERTRAIL NATURALS,"Popcorn, Peanuts, Seeds & Related Snacks",633,20.0,6.7,N/A,60.0,16.7
Avocado,Diabetic-Friendly Foods,"Oil, avocado",N/A,Fats and Oils,3700.0,0.0,0.0,N/A,100,0.0
Avocado,Diabetic-Friendly Foods,"Avocados, raw, California",N/A,Fruits and Fruit Juices,167,8.64,6.8,N/A,15.4,1.96
Avocado,Diabetic-Friendly Foods,"Avocados, raw, Florida",N/A,Fruits and Fruit Juices,501,7.82,5.6,N/A,10.1,2.23
Avocado,Diabetic-Friendly Foods,"Avocado, Hass, peeled, raw",N/A,Fruits and Fruit Juices,N/A,8.32,N/A,N/A,20.3,1.81
Avocado,Diabetic-Friendly Foods,"Avocados, raw, all commercial varieties",N/A,Fruits and Fruit Juices,670,8.53,6.7,N/A,14.7,2.0
Sweet potatoes,Diabetic-Friendly Foods,SWEET POTATOES,RALEY'S,Pre-Packaged Fruit & Vegetables,82.0,20.0,3.5,N/A,0.0,1.18
Sweet potatoes,Diabetic-Friendly Foods,SWEET POTATOES,PICTSWEET FARMS,Frozen Vegetables,85.0,20.3,3.4,N/A,0.0,1.69
Sweet potatoes,Diabetic-Friendly Foods,SWEET POTATOES,N/A,Pre-Packaged Fruit & Vegetables,85.0,20.0,3.1,N/A,0.0,1.54
Sweet potatoes,Diabetic-Friendly Foods,SWEET POTATOES,N/A,Pre-Packaged Fruit & Vegetables,86.0,20.3,3.0,N/A,0.0,1.5
Sweet potatoes,Diabetic-Friendly Foods,SWEET POTATOES,TAYLOR'S,Canned Vegetables,80.0,19.5,1.8,N/A,0.0,0.88
Dark chocolate,Diabetic-Friendly Foods,DARK CHOCOLATE,CIRCLE K,"Popcorn, Peanuts, Seeds & Related Snacks",526,39.5,10.5,N/A,42.1,13.2
Dark chocolate,Diabetic-Friendly Foods,DARK CHOCOLATE,MOONSTRUCK,Chocolate,581,51.2,11.6,N/A,37.2,6.98
Dark chocolate,Diabetic-Friendly Foods,DARK CHOCOLATE,7-SELECT,Chocolate,N/A,N/A,N/A,N/A,N/A,N/A
Dark chocolate,Diabetic-Friendly Foods,DARK CHOCOLATE,BALDUCCI'S,Chocolate,N/A,N/A,N/A,N/A,N/A,N/A
Dark chocolate,Diabetic-Friendly Foods,DARK CHOCOLATE,N/A,Chocolate,512,48.8,4.7,N/A,39.5,4.65
Vinegar,Diabetic-Friendly Foods,VINEGAR,RALEY'S,Other Cooking Sauces,0.0,0.0,N/A,N/A,0.0,0.0
Vinegar,Diabetic-Friendly Foods,VINEGAR,N/A,Other Cooking Sauces,67.0,6.67,0.0,N/A,0.0,6.67
Vinegar,Diabetic-Friendly Foods,VINEGAR,N/A,Other Cooking Sauces,0.0,0.0,N/A,N/A,0.0,0.0
Vinegar,Diabetic-Friendly Foods,VINEGAR,N/A,Other Cooking Sauces,0.0,0.0,N/A,N/A,0.0,0.0
Vinegar,Diabetic-Friendly Foods,VINEGAR,ROUNDY'S,Other Cooking Sauces,0.0,0.0,N/A,N/A,0.0,0.0
Basil,Diabetic-Friendly Foods,BASIL,CORA,Herbs & Spices,0.0,0.0,N/A,N/A,0.0,0.0
Basil,Diabetic-Friendly Foods,BASIL,GALANTINO,Vegetable & Cooking Oils,800,0.0,N/A,N/A,93.3,0.0
Basil,Diabetic-Friendly Foods,BASIL,GOODNESS GARDENS,Herbs & Spices,125,0.0,0.0,N/A,12.5,0.0
Basil,Diabetic-Friendly Foods,BASIL,CUB,Herbs & Spices,0.0,0.0,N/A,N/A,0.0,0.0
Basil,Diabetic-Friendly Foods,BASIL,LOWES FOODS,Herbs & Spices,0.0,71.4,71.4,N/A,0.0,0.0
Oregano,Diabetic-Friendly Foods,OREGANO,SUGAR 'N SPICE,Herbs & Spices,0.0,0.0,N/A,N/A,0.0,0.0
Oregano,Diabetic-Friendly Foods,OREGANO,N/A,Herbs & Spices,0.0,0.0,N/A,N/A,0.0,0.0
Oregano,Diabetic-Friendly Foods,OREGANO,ROUNDY'S,Herbs & Spices,0.0,0.0,0.0,N/A,0.0,0.0
Oregano,Diabetic-Friendly Foods,OREGANO,SCHNUCKS,Herbs & Spices,0.0,0.0,N/A,N/A,0.0,0.0
Oregano,Diabetic-Friendly Foods,OREGANO,CUB,Herbs & Spices,0.0,0.0,N/A,N/A,0.0,0.0
Parsley,Diabetic-Friendly Foods,PARSLEY,CUB,Herbs & Spices,0.0,0.0,N/A,N/A,0.0,0.0
Parsley,Diabetic-Friendly Foods,PARSLEY,CORA,Herbs & Spices,0.0,0.0,N/A,N/A,0.0,0.0
Parsley,Diabetic-Friendly Foods,PARSLEY,HERB BLASTZ,Herbs & Spices,0.0,0.0,N/A,N/A,0.0,0.0
Parsley,Diabetic-Friendly Foods,PARSLEY,SUGAR N SPICE,Herbs & Spices,0.0,0.0,N/A,N/A,0.0,0.0
Parsley,Diabetic-Friendly Foods,PARSLEY,ADAMS,Herbs & Spices,0.0,0.0,0.0,N/A,0.0,0.0
Cinnamon,Diabetic-Friendly Foods,CINNAMON,ROUNDY'S,Herbs & Spices,0.0,0.0,N/A,N/A,0.0,0.0
Cinnamon,Diabetic-Friendly Foods,CINNAMON,DONA ISABEL,Herbs & Spices,0.0,0.0,0.0,N/A,0.0,0.0
Cinnamon,Diabetic-Friendly Foods,CINNAMON,SCHNUCKS,Herbs & Spices,0.0,0.0,N/A,N/A,0.0,0.0
Cinnamon,Diabetic-Friendly Foods,CINNAMON,CUB,Herbs & Spices,0.0,0.0,N/A,N/A,0.0,0.0
Cinnamon,Diabetic-Friendly Foods,CINNAMON,XYLOBURST,Chewing Gum & Mints,160,66.7,N/A,N/A,0.0,0.0
Turmeric,Diabetic-Friendly Foods,TURMERIC,LA FLOR,Herbs & Spices,0.0,0.0,0.0,N/A,0.0,0.0
Turmeric,Diabetic-Friendly Foods,TURMERIC,CHEFZITO,Herbs & Spices,0.0,125,31.2,N/A,0.0,0.0
Turmeric,Diabetic-Friendly Foods,TURMERIC,SUGAR 'N SPICE,Herbs & Spices,0.0,125,N/A,N/A,0.0,0.0
Turmeric,Diabetic-Friendly Foods,TURMERIC,LA CRIOLLA,Herbs & Spices,0.0,0.0,0.0,N/A,0.0,0.0
Turmeric,Diabetic-Friendly Foods,TURMERIC,ROUNDY'S,Herbs & Spices,0.0,125,31.2,N/A,0.0,0.0
Ginger,Diabetic-Friendly Foods,GINGER,SUGAR 'N SPICE,Herbs & Spices,0.0,0.0,N/A,N/A,0.0,0.0
Ginger,Diabetic-Friendly Foods,GINGER,FUJISAN,Pre-Packaged Fruit & Vegetables,N/A,N/A,N/A,N/A,N/A,0.0
Ginger,Diabetic-Friendly Foods,GINGER,CHRISTOPHER RANCH,Herbs & Spices,100,0.0,0.0,N/A,0.0,0.0
Ginger,Diabetic-Friendly Foods,"Ginger root, raw",N/A,Vegetables and Vegetable Products,333,17.8,2.0,N/A,0.75,1.82
Ginger,Diabetic-Friendly Foods,"Spices, ginger, ground",N/A,Spices and Herbs,1400.0,71.6,14.1,N/A,4.24,8.98
